Customer_ID,Age,Annual_Income,Spending_Score,Total_Transactions,Days_Since_Last_Purchase,Preferred_Product_Category,Membership_Status,Distance_to_Store_km,Returns_Count
67483,38,71902,46,11,263,Home,Silver,14.340510390952053,3
48457,65,85555,17,2,246,Home,Bronze,36.622996058714875,1
94940,53,69875,75,4,117,Sports,Bronze,1.1761223998460093,2
25380,18,54314,27,27,227,Fashion,Gold,46.921990316749074,3
25508,44,67175,68,13,8,Fashion,Gold,22.536257625427403,2
29676,62,63978,23,6,198,Sports,Platinum,26.29341163607434,2
98796,57,73415,87,7,276,Sports,Gold,49.42640567405663,0
82433,55,97460,34,22,128,Electronics,Platinum,25.418452756966914,1
11564,46,61255,21,20,301,Home,Gold,47.41332772586764,2
23870,57,64662,22,26,61,Home,Gold,45.80394023176113,1
24219,36,95366,65,3,1,Fashion,Silver,47.09511866897753,1
91977,41,93178,32,4,359,Electronics,Gold,40.71246634587201,0
29880,61,64496,62,28,330,Home,Silver,15.171705185607694,0
20379,18,62791,28,21,356,Electronics,Gold,17.64593294740608,2
64294,53,72235,82,20,171,Sports,Silver,18.566711374941725,2
12948,40,54140,7,3,244,Home,Bronze,48.96945156080366,3
45902,30,47076,54,1,87,Sports,Platinum,18.357397446621356,1
93507,47,59782,70,19,82,Fashion,Gold,5.880120806309835,1
18969,66,66632,14,27,4,Fashion,Silver,39.02728028444,0
72805,68,37203,94,21,348,Sports,Gold,18.6201329333116,0
30646,68,60642,55,13,38,Fashion,Silver,31.236327630429248,2
70566,54,24486,58,14,321,Sports,Silver,46.255840407066366,3
65818,28,75595,44,22,300,Sports,Gold,28.98752605051319,3
73451,24,47158,46,28,74,Sports,Platinum,32.06615882871546,0
13678,52,29681,14,16,100,Fashion,Silver,32.32169694102423,0
78879,28,69790,44,29,140,Fashion,Bronze,30.813759695046507,3
14014,66,70052,41,4,92,Fashion,Gold,8.408584185307227,3
15107,60,92237,73,17,118,Sports,Bronze,23.092563030063396,2
47423,64,30372,95,10,287,Electronics,Silver,0.8793689888643936,3
42332,68,41611,2,29,108,Fashion,Silver,31.50010780172899,1
44010,57,20523,82,7,42,Electronics,Gold,28.98023560379883,3
98935,65,60793,5,13,135,Fashion,Platinum,16.247792352420642,4
12661,38,35233,90,25,329,Home,Bronze,26.432827406925085,3
14798,64,39955,87,13,216,Home,Platinum,24.906360204449797,0
76076,20,84299,12,22,155,Home,Bronze,12.920303189141434,0
32329,47,62524,78,14,38,Electronics,Platinum,15.01773363058335,4
66060,41,57621,77,6,281,Fashion,Gold,38.24577933312315,1
35850,55,99978,99,16,327,Sports,Bronze,37.90874979949558,3
94705,20,83001,47,9,357,Electronics,Gold,23.7542164368722,3
13157,54,84987,79,20,25,Fashion,Platinum,36.01669314459099,4
47485,50,96597,35,16,31,Home,Platinum,22.814663371431337,2
15336,39,15015,19,21,45,Electronics,Platinum,42.64301472735853,2
82701,48,19410,79,21,155,Fashion,Gold,16.97393076932636,1
52280,63,33964,63,12,243,Sports,Silver,46.400978742347355,3
62145,29,85671,8,16,34,Electronics,Silver,27.343040702951207,3
89290,62,88484,23,5,277,Sports,Bronze,27.01654912344766,3
15209,31,85325,13,24,241,Electronics,Gold,33.705114024139164,0
71402,29,23602,23,11,258,Home,Gold,17.37237253532688,2
90026,44,22232,31,1,45,Home,Gold,36.35431375990315,4
17645,30,72245,30,10,236,Home,Platinum,16.361042580388936,0
48508,41,62950,42,11,7,Sports,Gold,20.17817208295989,0
67822,55,85371,2,15,259,Home,Silver,33.89782012125631,2
16018,64,43381,11,26,270,Sports,Bronze,19.23323051441838,3
60908,65,91305,25,27,43,Sports,Silver,10.398719073059004,1
36374,26,71025,29,3,237,Sports,Gold,43.65912220938758,4
15713,25,97192,22,24,166,Home,Bronze,46.14669134929736,2
97071,54,68706,19,15,75,Fashion,Bronze,31.523186965468703,1
94498,32,15819,73,11,156,Sports,Gold,40.65196317429375,2
11026,24,50383,41,9,200,Fashion,Gold,49.33929156135027,2
80009,41,93684,38,2,233,Sports,Silver,30.931350215081377,2
80203,66,86605,29,12,231,Home,Silver,45.48523584087567,2
61106,33,20640,74,20,211,Home,Platinum,18.28311011115721,3
92506,41,74888,22,16,153,Home,Platinum,35.17338557641571,0
91477,60,77244,88,24,212,Electronics,Platinum,3.2623705816938946,2
43452,24,88237,8,16,86,Home,Gold,39.55409200270217,1
97962,60,99901,47,21,17,Fashion,Gold,41.575255664113584,1
13268,45,83575,6,1,190,Sports,Platinum,20.3581841054626,1
90729,19,69087,7,16,307,Fashion,Platinum,32.12827328592782,0
10658,51,46915,84,6,53,Electronics,Silver,42.98887456842175,0
44064,55,58642,81,14,215,Fashion,Platinum,44.23860414319799,1
44293,20,71611,36,25,41,Sports,Platinum,5.773310453671748,3
53042,18,61889,8,25,348,Sports,Bronze,41.46064345337842,0
17792,48,56215,77,11,229,Home,Platinum,14.075045920341964,0
16604,40,17487,88,1,229,Electronics,Bronze,36.5016913687183,3
57821,37,76045,46,20,181,Electronics,Platinum,16.59562559788149,2
48557,33,89035,64,17,140,Fashion,Bronze,3.288318696213569,0
17420,63,86667,31,23,287,Home,Platinum,10.888600137629824,1
48521,49,74040,23,19,338,Home,Silver,20.72925290344066,1
71951,34,76295,61,2,336,Home,Gold,37.1908166930216,3
33018,35,15825,81,14,321,Sports,Bronze,5.484829551961702,1
73076,21,16191,50,8,81,Electronics,Gold,40.740239182557914,4
15108,52,58094,46,25,166,Fashion,Silver,49.849079052139324,1
80783,57,78490,88,23,333,Fashion,Platinum,39.518753337366704,3
83937,53,95243,43,22,53,Fashion,Platinum,23.949957741429632,3
27007,40,69799,10,26,72,Home,Silver,28.623930436874346,3
19997,32,54553,95,29,212,Electronics,Gold,0.8049451609823908,4
15261,30,21813,20,27,170,Electronics,Gold,10.859054973842174,0
79804,31,41350,16,6,269,Sports,Gold,44.99991250727225,2
81520,31,43992,78,9,218,Sports,Gold,1.5756054353917004,1
30926,54,97453,3,5,135,Sports,Bronze,45.2873501684006,0
75546,22,48975,30,5,34,Fashion,Gold,6.106004102344286,3
27144,39,39992,18,18,145,Fashion,Bronze,7.0871694329622965,0
35903,45,58736,59,22,182,Electronics,Silver,9.17982058741766,0
11177,62,16237,70,14,77,Sports,Platinum,40.06957358528222,4
70952,21,19943,84,12,307,Fashion,Bronze,24.17023547944778,3
19168,67,68917,35,28,252,Sports,Gold,7.687233196387097,3
12389,55,36220,19,12,327,Sports,Platinum,34.496690073433584,1
16364,46,62798,26,22,235,Electronics,Bronze,47.06407413312598,1
37033,54,43694,35,6,321,Electronics,Platinum,28.836347975249858,1
58545,52,43250,76,4,336,Fashion,Silver,5.3856502831666555,1
21865,37,94478,72,27,76,Electronics,Gold,3.21015500578822,0
28936,52,48227,57,15,72,Sports,Silver,39.89568181385016,0
87863,52,93305,49,23,26,Electronics,Platinum,31.49114079253453,1
13741,37,97039,10,15,37,Sports,Silver,46.17153828666777,1
99537,19,68920,85,25,253,Sports,Gold,27.5888824768754,1
13839,69,25447,29,17,85,Fashion,Bronze,3.5885724605311418,2
29139,35,89045,95,3,356,Fashion,Silver,20.482499074933187,1
56905,47,37865,71,10,358,Fashion,Gold,33.070539085275186,2
62749,59,70450,98,25,30,Sports,Platinum,19.551824871394523,1
35036,46,31134,98,21,204,Electronics,Silver,49.97977413864153,3
55272,56,67378,94,22,192,Fashion,Bronze,20.566241376850382,4
11740,69,31201,68,8,229,Fashion,Silver,27.538688259153734,0
94044,39,33936,94,9,180,Electronics,Platinum,11.656905614872134,3
68788,46,93794,89,24,244,Electronics,Platinum,8.030841112958491,4
41611,63,76752,78,3,39,Fashion,Platinum,32.44262415888092,2
80827,27,80309,24,26,328,Sports,Silver,29.636330972326263,0
41109,37,36762,43,1,156,Sports,Silver,0.7147734416110707,2
29481,33,18228,95,11,167,Fashion,Silver,14.596685972488237,2
15247,23,74405,39,13,157,Electronics,Bronze,32.35718886413926,0
63621,34,83946,92,12,129,Sports,Gold,40.706342613756256,4
31383,23,15408,25,29,81,Electronics,Silver,15.962248325472292,0
74535,39,62497,83,21,155,Home,Bronze,32.54810027979826,1
35319,35,66419,68,7,174,Electronics,Platinum,13.630267542466887,2
49334,49,73087,34,2,287,Electronics,Silver,34.673804784147194,1
33728,45,20773,96,1,87,Home,Silver,35.04842593379189,0
40442,59,67986,89,20,101,Sports,Silver,6.946061543219709,0
96846,27,74175,86,3,247,Sports,Bronze,33.42194430686175,4
52521,58,89715,53,4,205,Sports,Silver,17.0115754931783,2
74777,39,20617,92,17,88,Fashion,Silver,9.043449113835056,3
96988,45,83237,55,18,344,Home,Gold,25.26788102230182,0
22137,32,18907,53,17,287,Electronics,Bronze,22.8886858534817,3
53636,60,28841,18,19,309,Home,Gold,38.80680314756885,2
24905,46,64827,7,4,95,Home,Gold,4.683517703480317,1
97309,24,69079,63,29,158,Home,Gold,39.592786807173155,2
40024,67,93943,75,17,113,Home,Gold,5.751076924410135,4
74966,51,76467,42,22,23,Home,Platinum,10.769221889913565,3
27702,49,63091,11,2,162,Home,Silver,26.036164857318717,3
26505,19,69501,9,10,285,Fashion,Gold,23.427142701110014,1
79790,43,76855,35,12,352,Home,Bronze,49.448519249335384,1
71071,62,34859,87,13,54,Home,Silver,29.678948806490748,0
18498,28,87352,97,11,63,Sports,Gold,16.708061964722237,2
87710,42,64693,65,21,32,Home,Gold,45.05736899292729,4
68456,36,31548,84,8,45,Home,Bronze,15.954640360733931,0
39733,37,97904,5,28,218,Sports,Platinum,14.051893941820358,2
77432,50,99581,93,29,288,Sports,Bronze,24.971403862343543,1
67158,34,48385,26,20,195,Sports,Platinum,45.70215183141742,4
13911,69,92641,51,5,252,Electronics,Platinum,35.57145563531251,1
59105,47,39644,38,25,285,Home,Platinum,34.03541916563286,1
83876,35,20639,3,2,235,Home,Gold,36.44082461941876,3
92959,49,92152,85,12,78,Home,Gold,33.152210233406464,2
74322,57,35580,59,28,91,Sports,Platinum,38.10991980356332,0
46672,62,41974,13,2,95,Fashion,Platinum,10.041720075592107,3
80412,21,60373,95,6,227,Home,Gold,9.274285194699274,2
76239,49,62612,81,22,285,Sports,Platinum,18.427085517674488,2
73804,36,39761,35,19,361,Sports,Gold,42.62250905039371,2
71727,20,25701,87,12,234,Sports,Platinum,35.86548366708713,4
16440,55,35822,3,25,101,Electronics,Gold,28.540430470717073,3
77560,45,29970,53,13,251,Sports,Bronze,1.4626481551669317,0
25751,55,50847,55,17,139,Fashion,Platinum,12.172213054825395,3
22730,23,38103,45,12,322,Electronics,Platinum,40.27394015622,1
74792,57,72479,66,3,142,Sports,Bronze,12.503091307668823,2
31380,34,97847,67,24,239,Fashion,Silver,36.64936476095189,1
38972,59,75787,84,8,265,Fashion,Platinum,9.639396114029259,3
74385,22,31944,44,16,341,Home,Silver,30.515194130868252,0
47113,36,29974,73,4,60,Sports,Bronze,31.596462651674834,1
20149,60,61984,68,24,22,Sports,Platinum,37.72232817148084,1
65014,59,61893,62,27,10,Home,Silver,22.197948844334174,4
48402,52,41314,25,26,15,Fashion,Platinum,31.817397604730886,3
92917,39,44852,52,13,48,Sports,Platinum,24.605004541654104,1
59557,41,19953,50,8,335,Home,Gold,47.393233247216486,3
10243,27,91773,1,1,169,Home,Silver,26.333095987416115,0
12414,19,43448,39,3,118,Fashion,Gold,10.875095214845297,1
13856,45,46771,52,1,41,Fashion,Gold,33.5606811823625,0
81799,58,66550,76,15,9,Sports,Silver,27.649132746316468,1
91335,54,70378,40,18,48,Sports,Silver,40.28956011239726,2
68949,34,69895,60,20,264,Electronics,Gold,9.257124080865559,4
51392,23,73737,88,3,206,Fashion,Platinum,13.416510332358289,4
22470,60,83124,73,29,166,Electronics,Platinum,46.12064081618724,4
23772,22,75810,84,15,1,Electronics,Bronze,46.536292605691656,0
37382,56,95351,69,27,67,Home,Platinum,22.391709940507102,3
79662,24,86892,20,22,307,Home,Silver,2.863683514862279,4
94944,49,35069,85,28,209,Sports,Silver,15.674475896985006,1
90399,21,29695,2,28,138,Fashion,Bronze,12.732571393853267,1
23584,38,68461,85,5,36,Fashion,Silver,21.026504173748627,2
33391,59,35783,88,21,217,Electronics,Gold,16.231130634490086,0
95376,49,16403,9,10,277,Electronics,Bronze,41.53512102069649,1
46965,35,43327,39,7,179,Sports,Bronze,0.6502829467099749,1
22097,50,82821,30,23,4,Home,Platinum,32.40927674881916,2
28839,31,23862,54,25,129,Fashion,Platinum,33.381376145224145,2
93310,23,82264,82,8,132,Fashion,Gold,33.201015476807626,3
47693,28,26430,58,3,98,Fashion,Gold,26.2694366854712,3
61988,63,49017,44,18,159,Fashion,Platinum,30.749651618935246,3
59769,37,48646,43,17,235,Home,Platinum,40.61946842108596,1
12469,46,43922,10,16,146,Sports,Gold,39.31774054507488,2
22468,52,26543,48,26,358,Sports,Platinum,2.2139561703313153,0
49025,33,64649,85,22,114,Home,Bronze,2.006608518996789,3
13165,65,40553,86,29,3,Sports,Gold,42.027768232139316,4
67603,24,63860,17,13,86,Sports,Platinum,28.94911953276286,1
86906,57,75388,5,4,45,Electronics,Silver,47.89265309582501,0
53251,53,75092,70,3,82,Home,Silver,21.86378404736555,1
57526,61,88114,74,11,153,Sports,Gold,9.248720159089318,3
38942,61,36263,64,27,305,Electronics,Silver,23.92512816319655,1
55017,48,91204,66,2,281,Home,Silver,22.108943244095393,3
70555,59,97458,71,18,326,Home,Bronze,26.10028038120656,1
42209,61,27232,4,27,287,Fashion,Gold,40.49338807690902,3
49365,60,24092,83,4,110,Electronics,Silver,32.951407402870416,2
11407,60,49234,28,17,116,Electronics,Platinum,9.671128706269053,2
74081,64,55482,84,6,96,Electronics,Gold,36.856624189575534,2
35976,23,33117,94,10,281,Home,Gold,29.798862557282362,2
51969,46,48258,38,11,188,Fashion,Silver,29.126381161615225,2
48325,44,74097,66,5,87,Home,Silver,34.073715680563936,4
66741,60,33302,67,26,306,Sports,Bronze,28.41629020349832,1
25515,19,90762,60,25,86,Sports,Platinum,23.14692994873562,2
46174,39,55934,47,18,25,Sports,Bronze,32.19882399929776,4
87330,26,91439,25,25,30,Fashion,Bronze,36.324489942753466,4
15700,28,57446,66,25,125,Home,Platinum,11.675463670143934,1
83663,33,95421,79,10,197,Electronics,Silver,25.10396976478657,1
63379,62,86635,67,9,300,Sports,Bronze,23.17953693162362,3
37391,30,41076,69,16,30,Sports,Gold,2.47521189525877,3
86276,35,64349,40,10,316,Home,Bronze,41.80471349298829,2
77081,42,61578,50,10,231,Electronics,Platinum,19.180410184952006,0
99227,50,24726,40,4,44,Fashion,Bronze,4.098117043459835,3
67284,69,65865,37,21,315,Sports,Bronze,23.16600530528583,0
92054,27,90076,91,24,188,Sports,Gold,8.493299901534067,3
72206,47,23102,69,14,51,Sports,Platinum,35.36851352441591,4
88593,68,27754,17,8,51,Electronics,Gold,28.802692970798752,4
69485,66,51612,62,1,331,Sports,Silver,13.870633445407792,4
81539,18,48363,41,16,317,Electronics,Platinum,47.54845602797322,0
44032,50,88866,76,26,322,Sports,Bronze,14.941394738651246,2
28156,66,80777,42,17,78,Sports,Gold,27.972346895357575,3
59316,32,33747,31,10,48,Electronics,Gold,40.17760730240693,3
58787,46,62770,33,6,229,Electronics,Platinum,25.937668748747157,0
51579,19,64884,43,7,343,Fashion,Gold,48.06235595087661,4
67574,28,80670,93,18,43,Home,Platinum,42.27080106548596,2
82261,51,50394,67,2,291,Sports,Silver,46.09044119304435,3
97218,69,75484,38,21,246,Sports,Platinum,18.94877789584473,2
69235,58,58084,41,9,218,Home,Platinum,27.6435931618573,2
62904,36,46093,63,5,21,Home,Silver,42.08823162692333,1
91721,19,22179,40,8,129,Home,Silver,45.223251697985916,2
46740,65,49278,30,24,6,Sports,Bronze,47.24599710944181,1
83130,37,60813,47,5,271,Sports,Gold,44.01802366734791,0
59554,58,99716,22,24,349,Sports,Silver,36.672367751724096,4
17199,69,87443,96,15,43,Electronics,Silver,1.6986328738305354,1
49032,48,78828,55,8,239,Fashion,Gold,16.090195749035423,2
91410,21,84942,43,5,64,Fashion,Gold,6.882346102224807,4
14480,46,34748,61,5,245,Home,Bronze,8.160550766337341,2
40435,47,90127,74,20,72,Home,Bronze,14.899905775453155,2
40120,30,24742,32,17,70,Sports,Platinum,4.199652630833354,1
82155,32,18411,4,9,196,Fashion,Bronze,12.53007471004867,0
12607,37,97002,93,2,188,Fashion,Silver,47.87045240868748,2
84918,51,53464,45,1,157,Electronics,Silver,15.94120714011569,1
84116,45,44698,72,22,329,Sports,Gold,8.405796961239165,2
95324,37,91011,20,21,24,Sports,Bronze,36.05585893078048,4
32026,67,46108,71,11,337,Fashion,Platinum,41.51100492758636,0
27173,42,99360,65,15,70,Fashion,Platinum,16.044873555025934,2
98816,44,86296,60,1,312,Electronics,Platinum,14.28561687362936,0
44262,47,98702,89,7,222,Electronics,Platinum,12.467097621299159,0
61903,58,62133,26,23,159,Sports,Gold,19.96643133378548,4
57156,37,61662,73,19,305,Electronics,Bronze,4.817972013025145,4
82246,18,77421,23,24,74,Fashion,Bronze,33.62189671453221,3
87764,52,40180,40,15,137,Sports,Bronze,41.20020310019471,0
72301,66,54194,2,6,40,Fashion,Bronze,33.35227284709129,2
74314,60,96624,26,20,302,Sports,Platinum,21.3493846497059,4
30449,41,27525,78,26,333,Sports,Platinum,14.803631243539844,2
40466,42,55674,62,26,308,Fashion,Gold,20.767585143322897,0
98121,57,23922,44,10,15,Sports,Gold,21.479955501918816,4
34279,29,77782,31,12,188,Sports,Platinum,33.4680310093891,3
21837,28,94818,26,13,27,Electronics,Silver,46.43898760470296,0
34209,47,49846,83,15,162,Fashion,Bronze,3.994031227672975,2
22220,30,97897,5,19,316,Fashion,Gold,47.69100284773929,3
13965,64,82173,70,17,54,Electronics,Platinum,45.554963536320706,0
52276,42,28916,35,13,273,Sports,Bronze,6.327748866972998,4
37230,69,45926,16,2,304,Home,Bronze,9.587459038724026,0
99165,42,57941,31,18,101,Home,Platinum,15.923982271622682,1
51920,34,75294,82,29,41,Fashion,Silver,28.203469027777,2
75165,29,34684,14,11,262,Electronics,Silver,7.156571705891357,4
71544,68,31966,25,5,170,Sports,Gold,10.416580186958406,4
92909,69,72479,79,4,207,Electronics,Platinum,45.18242705001412,1
33036,28,90704,90,2,314,Sports,Gold,5.910381223160826,3
75322,27,73321,75,27,48,Fashion,Silver,20.244474124397303,4
14847,34,89011,71,16,59,Fashion,Gold,38.26858799410608,3
96250,62,50166,18,25,5,Home,Gold,44.484864286091536,3
60772,33,68264,50,7,147,Electronics,Silver,17.13410684853605,3
22893,69,18466,20,8,286,Fashion,Bronze,8.639656515199526,0
14649,37,36902,56,8,210,Electronics,Bronze,36.9820771252303,1
40571,66,74805,2,2,149,Fashion,Silver,38.74160905432224,2
21613,22,20363,26,15,84,Sports,Bronze,49.01165548099694,1
63833,58,74397,23,5,159,Sports,Platinum,7.40732164644851,4
72423,49,17134,32,19,46,Home,Bronze,35.616333692132876,1
99964,44,80126,13,10,161,Fashion,Silver,21.155980617865435,2
51382,21,65791,13,9,154,Home,Platinum,45.77415715958899,0
62348,58,56379,17,25,229,Home,Gold,20.687628774502596,4
98069,65,95119,89,22,299,Fashion,Silver,22.575038590351973,0
63705,24,52723,58,29,157,Fashion,Silver,6.776431610243341,4
85642,63,56166,86,20,160,Sports,Bronze,16.386370861998554,2
95930,31,22249,27,8,246,Home,Platinum,20.341603284418067,0
87813,56,18796,17,5,55,Sports,Silver,1.366683341703621,2
65817,41,33918,90,19,150,Electronics,Platinum,22.159936187920035,2
90984,65,33564,38,13,298,Electronics,Platinum,17.147768287731658,1
88669,35,95848,14,27,53,Home,Bronze,40.29006692212435,4
54142,55,93743,14,14,222,Home,Silver,5.8020743655667495,3
80182,56,81982,12,8,253,Fashion,Platinum,38.13045078268311,3
23708,68,81487,69,16,67,Fashion,Platinum,35.843571392198335,0
16090,57,68173,68,28,52,Home,Gold,12.468225225263744,2
62902,18,82253,55,22,244,Home,Bronze,4.621947582918957,1
90928,34,68394,63,5,39,Electronics,Silver,42.170755564906955,4
53752,43,26390,29,1,341,Sports,Platinum,12.846787115873214,0
29643,68,71627,89,19,350,Electronics,Bronze,7.705225925501364,2
49647,39,96013,45,23,137,Electronics,Silver,18.272311794703008,3
75082,56,98516,4,19,265,Sports,Platinum,20.343699771123077,3
90329,35,45950,16,17,137,Home,Silver,16.64135499911436,4
82974,55,87130,66,24,291,Home,Silver,48.83581506909409,4
94431,45,77963,23,23,209,Electronics,Bronze,44.10062313016933,4
28474,38,59693,68,21,171,Electronics,Bronze,43.71228707472489,0
47402,55,34600,20,28,184,Sports,Gold,20.23899573077811,4
92487,50,89634,17,10,298,Fashion,Gold,48.16204716705542,0
26504,47,78086,52,5,239,Fashion,Gold,34.358757166439034,1
16768,59,92478,6,22,210,Home,Platinum,41.6837361009013,2
84043,25,29012,82,7,362,Fashion,Gold,25.293318690190922,3
10620,47,45702,84,16,150,Home,Silver,8.450556013367942,0
30447,56,63176,39,29,123,Home,Bronze,44.40083249674149,2
29118,26,25346,34,3,48,Home,Silver,24.578123598922634,4
72051,50,29428,54,27,123,Sports,Bronze,48.44346799971725,3
56599,60,20755,88,12,67,Electronics,Bronze,13.115620064424961,0
76494,46,21283,82,14,357,Fashion,Silver,49.62276007584561,4
20200,48,64036,94,28,230,Sports,Silver,11.510021757621377,2
68704,20,16337,65,20,345,Fashion,Platinum,18.724254522161736,1
63487,67,74786,87,1,8,Sports,Bronze,29.903817884783837,2
56465,55,77968,29,7,265,Fashion,Gold,34.81949142963251,0
39840,28,35857,41,26,124,Fashion,Platinum,36.15396736581715,1
98440,22,42640,63,18,320,Electronics,Gold,24.07449424192474,1
28435,48,53435,32,23,111,Fashion,Platinum,4.302934364773044,4
57897,37,31214,66,22,327,Sports,Bronze,25.054383509947012,2
73876,21,56532,45,4,329,Fashion,Silver,17.067053650551614,0
99727,25,41531,17,16,53,Electronics,Silver,33.0539526464268,1
59412,59,88549,43,11,88,Fashion,Bronze,9.522641416202722,4
82282,52,50812,66,18,94,Sports,Silver,19.998660075191967,1
38484,30,73928,68,23,358,Fashion,Bronze,48.32289812302639,2
48658,66,85554,34,16,249,Electronics,Bronze,4.898936261899969,3
16053,22,78883,1,7,316,Electronics,Bronze,30.315540818087435,0
92055,57,99153,23,21,165,Electronics,Platinum,4.98708733790252,3
65251,36,67398,6,25,226,Electronics,Silver,8.27128496902801,2
50645,35,57774,16,3,135,Home,Platinum,30.44425223634633,3
12545,50,46090,2,25,64,Electronics,Gold,22.477778367600425,2
89983,21,51809,76,5,4,Fashion,Bronze,27.65070034903344,2
87213,35,82425,27,18,119,Fashion,Silver,44.05367244445709,4
18560,63,39060,19,25,218,Fashion,Gold,40.953392004293136,3
72375,41,25091,28,17,364,Fashion,Bronze,44.45508174671138,1
13662,60,61283,35,1,42,Home,Gold,31.00461858149151,2
88591,46,34039,68,16,187,Home,Platinum,24.737336900843705,3
49497,48,58289,49,15,25,Home,Platinum,23.230280298111083,1
62606,45,18718,7,13,266,Fashion,Silver,37.12052353301098,0
72112,26,36919,37,7,161,Sports,Gold,26.304343977085665,1
88334,62,57016,25,3,232,Sports,Gold,5.735555414979831,3
80344,43,90234,41,24,129,Fashion,Platinum,7.525981690883935,3
18048,66,49398,81,23,20,Electronics,Platinum,18.175597001838177,1
88643,64,36444,62,27,127,Electronics,Silver,3.857256912573841,1
16520,19,97911,41,13,75,Fashion,Bronze,12.341945363266545,2
26928,23,63051,14,16,72,Electronics,Silver,32.99184223407055,3
65368,46,21866,54,23,232,Electronics,Platinum,1.1153004587137048,2
33501,43,85457,2,1,342,Sports,Silver,30.40259684628415,2
63751,45,61113,88,1,105,Fashion,Bronze,38.73166769849059,0
46191,24,56522,79,28,8,Home,Platinum,8.922610700789319,3
39476,51,80143,48,16,118,Sports,Bronze,9.457943878519227,2
36948,62,47759,51,2,49,Fashion,Silver,1.9283901424172931,0
14483,27,37665,97,18,9,Fashion,Bronze,25.866276922256347,2
66123,65,86785,55,27,112,Sports,Platinum,32.9020840651995,2
49887,58,81329,12,21,265,Electronics,Platinum,23.117024313188633,3
93017,57,42679,83,25,77,Electronics,Bronze,19.77771607649748,1
86254,64,68883,69,23,35,Sports,Silver,22.99343445603653,1
90909,39,94529,1,18,201,Fashion,Silver,39.18564682687044,3
98780,44,84131,59,5,311,Home,Silver,2.1589582135952696,1
71055,56,63295,73,5,117,Fashion,Silver,39.299018761214114,4
41257,39,65006,34,8,189,Home,Gold,33.48393472550617,1
28327,36,62181,93,9,241,Home,Gold,12.450614430792283,2
81304,53,65721,46,24,292,Fashion,Bronze,26.474616448889016,2
34866,26,17256,59,14,168,Fashion,Gold,2.939888197296004,0
54649,36,27101,66,13,229,Fashion,Gold,19.289639181795412,3
19166,19,61490,19,18,47,Home,Gold,9.115102714318176,0
92334,45,68255,28,4,149,Electronics,Bronze,1.6038691080223721,2
19042,56,51944,99,18,342,Home,Gold,18.17593013941531,2
21969,39,88497,40,22,207,Home,Silver,36.44256466102456,0
61880,68,30416,57,20,60,Home,Silver,46.09058243424101,4
82739,23,53022,51,15,330,Sports,Bronze,33.282043897987165,1
73588,64,23429,22,7,116,Electronics,Bronze,20.39752134245433,4
14641,24,28783,68,13,238,Home,Bronze,49.975057563892946,4
38536,23,75632,8,2,354,Home,Platinum,14.50570365096041,4
89910,50,39290,60,9,47,Sports,Gold,9.763005919054937,4
24546,31,77489,65,5,244,Home,Bronze,23.452272326682944,1
24102,18,70153,36,1,292,Electronics,Bronze,25.493115064369483,3
19029,42,49500,71,28,4,Home,Bronze,18.06375731214465,0
57545,23,59021,89,27,99,Electronics,Silver,34.92720441274334,4
21322,45,81722,29,19,204,Electronics,Bronze,9.601288390446747,4
22654,35,71733,65,20,179,Fashion,Silver,25.761818107664897,0
66663,44,99145,56,19,16,Sports,Silver,25.256284445789017,0
85501,66,24176,82,22,89,Sports,Platinum,41.27742792274115,3
69687,19,36557,4,29,107,Sports,Bronze,46.38492583865984,2
17508,57,70034,84,13,189,Fashion,Platinum,33.33166074867765,3
57859,38,97439,72,6,179,Fashion,Bronze,15.615893721564735,2
32132,40,25738,91,10,248,Electronics,Gold,34.635745483480406,1
75800,19,20041,50,29,250,Sports,Bronze,12.942870897404799,3
26025,33,65606,39,11,19,Fashion,Bronze,48.34394732873711,1
87024,21,71365,35,23,358,Fashion,Bronze,41.20692489459429,0
75924,51,55527,25,25,96,Fashion,Bronze,21.84391764556888,3
77607,22,24250,78,16,221,Electronics,Bronze,39.32500409850901,0
34970,66,40688,44,26,143,Home,Bronze,20.728454445414453,4
57736,51,34790,47,25,6,Fashion,Platinum,4.193202859597519,0
89990,39,15946,40,23,349,Fashion,Gold,35.485059213529965,4
17840,63,51798,31,27,321,Fashion,Platinum,20.528384734907807,2
39654,37,88863,69,1,267,Sports,Gold,46.550830930801155,4
87385,56,16136,81,19,295,Sports,Platinum,15.674780109299688,2
62408,64,46915,74,5,0,Fashion,Platinum,42.24497466200237,4
95939,67,81090,43,26,57,Electronics,Bronze,34.18167333773483,4
85967,30,38421,55,28,263,Home,Platinum,42.73956849833061,1
32442,61,93769,16,27,89,Sports,Gold,14.948152916130997,1
75243,51,74916,68,6,74,Home,Silver,23.336597464272884,0
16630,61,45893,69,6,340,Fashion,Gold,41.24488605615379,1
57736,23,79124,42,5,260,Sports,Platinum,32.3690315496344,2
23008,46,51171,41,6,281,Home,Silver,18.316134025019064,1
57487,50,33638,50,25,340,Fashion,Bronze,25.84378347261035,0
78395,18,81484,84,13,328,Sports,Silver,49.806855670982145,3
12393,64,56063,6,1,356,Fashion,Bronze,37.221475772987155,2
65971,65,39193,75,1,242,Sports,Gold,30.918871312611437,3
89627,24,87743,53,25,321,Home,Silver,41.48161333145903,2
97991,39,24238,17,14,118,Home,Silver,22.38050176922242,0
78657,49,22419,57,8,46,Sports,Silver,47.52816823001093,1
84652,31,35410,67,9,167,Electronics,Bronze,27.82505082043676,3
80507,68,20956,16,23,347,Fashion,Bronze,16.68017140650128,3
39644,41,95161,52,10,26,Home,Gold,4.757988889795797,1
99615,36,38753,90,6,295,Electronics,Gold,19.096913352737563,0
46122,44,87858,88,9,0,Sports,Platinum,28.647599663310235,1
13397,40,83150,34,18,173,Home,Bronze,35.310782867295586,4
64569,62,40539,84,15,166,Home,Gold,43.81827629909813,4
87948,38,83807,81,4,17,Fashion,Silver,47.22606134852883,4
62133,61,24029,20,2,90,Electronics,Silver,5.571465385965823,3
58519,46,71536,80,6,302,Fashion,Silver,30.244796806891834,3
81057,18,86214,56,17,201,Sports,Gold,33.49618763356979,0
39151,48,62989,51,7,20,Home,Silver,9.017158941171262,2
13472,44,96107,53,23,155,Electronics,Silver,27.507233673039043,1
61769,61,58162,49,23,13,Fashion,Bronze,17.07426496122362,2
15481,53,34718,4,20,19,Electronics,Bronze,4.332157933302712,3
48977,44,96402,18,15,243,Sports,Gold,3.760366562773539,1
29883,32,17198,36,24,172,Home,Bronze,38.08104253194088,3
98915,42,24407,35,21,121,Electronics,Platinum,30.965044867665068,0
34265,65,89608,30,2,183,Sports,Gold,35.89852307240324,1
62744,32,97674,63,21,307,Sports,Platinum,34.421268649551465,3
33656,57,20217,82,12,67,Home,Platinum,7.1484588390697406,4
19304,36,90947,21,10,292,Fashion,Gold,8.002480197924513,4
96616,64,48138,52,25,337,Home,Bronze,12.997944348252267,3
55911,67,49500,96,26,158,Home,Bronze,20.255479054752143,2
53013,28,20259,69,17,48,Electronics,Gold,46.98922313441278,0
87981,58,94652,41,27,180,Electronics,Platinum,33.85767188845575,0
50314,50,64953,54,18,294,Fashion,Gold,13.131010755276714,3
32857,58,37783,87,16,347,Sports,Gold,3.2712130404533264,0
38894,40,56949,30,10,140,Electronics,Silver,34.36908457491547,1
48570,29,36155,91,8,17,Fashion,Silver,31.453264305394576,0
76080,19,47389,56,29,139,Home,Platinum,33.95028920892578,4
49420,60,71159,79,21,71,Sports,Bronze,13.4283928758997,3
91588,38,48183,41,28,241,Home,Silver,26.089679252655483,1
66210,31,46048,14,25,260,Sports,Silver,18.404288668878706,0
37734,51,47121,21,22,262,Electronics,Platinum,40.976097477814385,4
46219,32,42541,98,13,142,Home,Gold,3.9351347748740615,2
76972,38,51105,90,16,194,Home,Silver,14.134368577360977,0
65813,40,36642,25,8,145,Sports,Bronze,30.34621033643327,4
21007,38,52825,50,12,293,Fashion,Platinum,10.658576965164064,4
38341,67,73879,95,17,25,Sports,Silver,33.79931508065728,4
59411,31,43920,53,16,58,Electronics,Platinum,7.270238908407573,4
83087,38,70134,48,9,51,Fashion,Silver,1.6292084477978048,2
88649,29,55761,70,25,148,Home,Silver,43.24297937583345,3
58431,59,66944,48,19,106,Home,Platinum,17.005497869660374,4
14841,63,46027,4,17,317,Home,Bronze,8.264024661521102,3
50729,64,87922,24,24,58,Electronics,Bronze,9.049096774417091,2
92638,22,36480,31,8,257,Home,Gold,44.35182200471096,2
94647,19,52624,83,12,280,Home,Silver,32.8943546042672,1
86629,39,84191,75,9,18,Fashion,Gold,47.839140196209456,1
83082,23,64028,29,6,165,Electronics,Platinum,40.10199600720636,4
67804,61,68445,5,25,24,Home,Gold,38.493362908894376,3
62006,19,96999,82,28,3,Fashion,Platinum,25.241122648966574,2
31584,46,60192,67,10,2,Home,Bronze,41.1298424859542,0
70591,53,84844,75,9,361,Fashion,Platinum,20.926300652871657,1
29361,24,33246,85,28,26,Home,Platinum,41.436524603101546,1
90020,33,48386,94,29,345,Electronics,Gold,38.008193938512576,0
57871,50,65111,83,4,218,Sports,Silver,34.08271196700453,3
24101,50,92006,53,11,43,Electronics,Gold,16.820951205191104,3
52774,31,63260,89,21,211,Fashion,Bronze,31.72022604677373,3
52701,60,55882,64,22,51,Home,Bronze,25.585987426366422,4
23261,29,74557,35,6,152,Electronics,Bronze,23.34637191283253,4
23209,60,75918,12,26,201,Home,Silver,49.51719350248204,0
38647,23,27188,47,18,320,Electronics,Gold,25.467692576608272,2
18221,29,25669,90,4,10,Fashion,Platinum,2.083317167481518,0
57833,48,26443,55,12,67,Sports,Platinum,31.51015951955376,2
95413,29,34629,69,9,226,Electronics,Silver,36.53653682886808,0
35557,27,41954,83,15,120,Home,Bronze,44.316601531178826,4
17526,57,22235,91,23,332,Home,Silver,31.817893972779935,3
11251,44,90450,38,9,14,Home,Platinum,1.4631273013261878,1
42588,69,65313,29,6,56,Fashion,Bronze,6.427344622654006,0
64492,68,57849,12,11,329,Fashion,Silver,8.481382433321679,0
16889,24,66192,19,7,63,Sports,Platinum,10.957436974828763,1
39146,63,26593,9,25,229,Home,Platinum,40.08895640917265,0
62318,53,55928,82,14,10,Sports,Silver,15.83312247545399,3
83588,50,42885,29,28,120,Home,Platinum,15.9619349771576,1
47638,44,69801,3,16,223,Electronics,Gold,37.90157832839755,1
11147,25,24291,87,15,224,Electronics,Gold,20.915610438807125,3
12847,22,59978,30,20,124,Electronics,Bronze,3.699656831713249,3
95770,25,71470,58,9,147,Home,Gold,29.463759065151432,1
70335,57,79107,88,19,227,Electronics,Gold,6.938350481980178,3
94990,38,84668,53,12,29,Home,Silver,28.797381858474367,3
43388,41,15844,4,11,9,Sports,Bronze,39.092086327284065,3
74347,24,69929,57,28,53,Fashion,Silver,46.50973704770002,1
49983,36,46869,54,8,185,Electronics,Silver,3.819104043987313,0
53820,48,49411,28,3,206,Home,Gold,15.546345896243286,2
36076,53,74677,16,19,254,Home,Gold,32.796967158894354,1
40752,44,49031,13,3,156,Sports,Platinum,16.114923640817064,2
70533,46,50702,72,25,128,Sports,Platinum,22.825767754055413,3
26003,40,37523,56,26,57,Fashion,Bronze,1.494497695942654,3
82954,37,19776,53,3,194,Sports,Gold,34.82815130501108,0
27710,23,76001,48,6,75,Fashion,Platinum,44.22236650984463,3
75657,29,33724,25,11,88,Fashion,Silver,48.85455256674127,2
47081,67,71858,66,20,353,Sports,Gold,41.61140077331027,1
60228,29,29100,30,14,80,Fashion,Bronze,2.0729249899819715,1
93102,67,57467,3,2,185,Electronics,Bronze,32.76677142475207,0
30655,20,66242,23,12,325,Fashion,Silver,25.035132692536557,2
18483,59,75722,29,16,267,Home,Platinum,46.92582691408881,3
50094,56,94468,41,28,78,Home,Silver,45.15587380235227,4
51450,52,36718,94,3,144,Home,Platinum,49.408285631919256,0
35209,36,61014,11,21,128,Sports,Gold,43.16574410095329,0
56316,62,34640,21,16,13,Home,Bronze,27.571160625928957,4
28556,21,75312,91,10,118,Sports,Platinum,35.88757551280023,1
37962,48,34560,24,20,1,Home,Silver,48.25152320014373,1
25638,59,21380,95,5,3,Fashion,Gold,29.11677802444633,1
48754,55,62756,94,13,243,Sports,Platinum,42.07896975710704,4
96619,50,44579,65,12,65,Home,Gold,47.13938886804196,3
82617,23,43537,1,27,245,Fashion,Gold,28.7416157168153,3
64376,25,20655,54,1,89,Sports,Silver,8.378135180968759,2
23353,45,74451,72,20,177,Fashion,Silver,8.200387960440612,2
95388,32,82984,34,11,59,Fashion,Gold,6.208200121314012,1
81296,48,94721,80,26,231,Fashion,Gold,24.077997423609542,4
23771,25,32211,91,19,352,Sports,Platinum,24.267008124501338,0
76026,23,37280,68,29,175,Sports,Silver,31.059873824374584,3
14263,46,48971,83,15,166,Electronics,Platinum,24.402204298976955,4
17769,68,21798,29,18,197,Electronics,Bronze,48.666223266459234,2
35334,63,32228,3,16,59,Electronics,Platinum,14.919885619648172,3
93117,51,50739,11,7,82,Electronics,Gold,43.75392296446037,3
42749,24,63720,8,10,73,Sports,Bronze,5.466356167051137,4
21635,57,85280,62,25,310,Electronics,Platinum,30.294925062818162,2
75110,27,55503,33,16,25,Home,Bronze,32.59209825929691,4
11904,30,29548,8,17,242,Electronics,Silver,38.72539126553432,0
80805,39,84066,25,28,322,Home,Platinum,25.399599540787435,3
40968,38,52853,88,7,115,Home,Platinum,10.262701207752476,4
11650,69,89531,26,11,322,Fashion,Silver,18.76538182189028,4
22467,18,39703,26,28,179,Fashion,Platinum,13.971995066533648,0
56900,58,40527,17,17,261,Fashion,Bronze,21.245723023942514,4
98180,59,80555,91,5,113,Electronics,Silver,26.73343123177866,3
45518,69,75982,29,1,265,Sports,Bronze,31.440979423173843,1
78415,19,65933,43,3,37,Home,Platinum,42.333536273379735,1
14357,69,76178,73,16,76,Sports,Platinum,45.545510892487606,2
20865,46,75475,78,24,101,Sports,Platinum,23.397773602617708,0
78368,28,60730,5,29,11,Electronics,Platinum,4.88923614913457,2
71039,54,38241,50,15,301,Sports,Bronze,39.95472688528517,1
81294,67,87832,94,4,48,Sports,Platinum,24.119307394449304,0
12921,24,96869,56,12,253,Fashion,Silver,27.549106767877426,4
14428,52,56516,63,1,346,Fashion,Silver,29.99180992866045,4
83647,47,33628,57,17,248,Home,Gold,33.559454057728516,3
98783,33,34367,92,24,71,Home,Silver,44.559992571609136,1
62557,32,26755,45,15,196,Fashion,Gold,47.631236662904456,4
22366,57,68751,37,24,252,Electronics,Silver,47.0383812933852,0
56923,37,28025,72,20,357,Electronics,Silver,40.5684507880102,4
40564,45,19887,79,20,298,Home,Platinum,44.51749155239824,2
85511,54,75675,92,10,221,Fashion,Silver,2.9579110629437193,2
12642,20,94194,36,11,59,Electronics,Platinum,42.53107698950555,2
23849,46,64348,33,18,356,Sports,Platinum,4.0771292242742145,2
29344,54,85762,6,2,156,Home,Silver,37.43659842552218,2
31214,26,84524,76,28,341,Home,Bronze,8.883499268886407,3
48226,44,69884,71,6,201,Sports,Platinum,18.325467067691243,2
32522,49,36663,45,16,266,Sports,Silver,9.617092118135927,3
16680,65,99389,92,24,34,Home,Bronze,22.451351013545235,3
22507,63,33014,7,7,254,Sports,Silver,20.881498468922693,4
84955,67,29239,65,23,22,Electronics,Silver,2.879110776650821,0
59007,56,51046,24,19,164,Home,Bronze,41.60964828258612,2
59353,48,33422,45,12,27,Electronics,Silver,42.782231541824046,0
98095,64,36816,61,18,350,Home,Platinum,39.48160857824728,1
78696,43,42055,19,10,313,Electronics,Gold,42.45652685994781,3
54233,57,69173,32,7,52,Fashion,Gold,37.668512247908986,1
60865,20,21470,30,4,283,Electronics,Silver,46.90548004597062,3
17872,28,60534,65,17,297,Sports,Gold,29.031416384890353,2
17839,69,85297,32,17,84,Fashion,Gold,29.340806056016216,1
25652,46,36603,57,4,348,Home,Gold,43.06554046704698,4
16859,44,75522,20,21,123,Electronics,Platinum,17.79606956257054,1
43520,67,71153,85,5,206,Home,Platinum,2.979076533027265,3
88840,64,36996,83,1,164,Fashion,Gold,37.61784207220905,3
59266,27,54978,94,19,46,Sports,Bronze,13.102164380812951,0
79516,52,90449,92,22,155,Sports,Bronze,23.974672695483033,1
49093,64,56978,96,26,265,Sports,Bronze,12.401771865887712,4
61970,40,55564,30,23,278,Home,Platinum,41.44099717539583,2
59620,23,44999,87,11,4,Sports,Platinum,47.93550177143411,0
10425,28,46748,91,1,81,Sports,Platinum,3.2236436282290972,1
83677,60,76402,59,8,118,Home,Platinum,12.051895757451584,0
60727,68,47331,90,4,261,Home,Gold,9.883325128857852,1
85593,44,59380,62,29,124,Fashion,Platinum,33.82357388070259,2
59985,48,72743,67,25,302,Sports,Gold,21.719580788879437,2
57084,47,68842,31,27,214,Fashion,Bronze,23.08495234395426,4
79642,20,79618,66,27,27,Electronics,Gold,8.27541467682698,0
95623,30,22986,54,22,268,Electronics,Bronze,21.02936475572488,4
11408,57,93682,10,15,24,Electronics,Platinum,15.509799890857433,1
95401,38,57810,38,17,6,Electronics,Bronze,30.753950276198587,2
65337,60,75044,83,18,193,Home,Bronze,11.253292322469687,2
49612,28,91509,31,3,79,Fashion,Gold,30.933161385739346,3
49163,62,67633,29,18,321,Fashion,Bronze,19.198386997016787,3
25843,20,33501,25,26,35,Home,Silver,17.641580820405622,4
59364,55,35866,32,7,257,Electronics,Bronze,15.625053390970175,0
38477,48,33390,17,28,112,Fashion,Platinum,33.85475795427858,1
71082,41,56256,45,17,293,Sports,Bronze,28.339711068932303,4
37330,59,54528,49,25,201,Home,Silver,42.66022415010602,2
47569,68,42712,87,18,13,Home,Gold,12.459703789981802,2
58114,29,20694,18,20,154,Sports,Bronze,2.485919180856655,2
77294,63,70214,75,8,84,Electronics,Silver,9.510162350976548,1
74106,60,99999,52,11,139,Electronics,Platinum,17.49614003427938,4
48548,44,36662,20,3,96,Fashion,Platinum,9.392922020271671,1
72598,38,15010,62,25,184,Sports,Gold,4.633778536564825,2
21260,42,52648,13,7,341,Fashion,Platinum,22.544254421893648,3
42350,47,42515,88,15,357,Electronics,Silver,34.008216355745745,4
51741,47,91382,43,10,188,Fashion,Bronze,37.70275296422189,3
55181,27,62258,84,12,81,Sports,Silver,20.237002573570873,4
93446,20,75530,92,12,299,Sports,Gold,24.16320743007889,2
10840,30,43026,99,19,179,Sports,Bronze,37.89578942205263,3
72422,44,31982,21,19,348,Electronics,Silver,17.95903760026308,3
27725,35,32207,6,15,104,Home,Gold,39.345927457764645,4
22299,62,72028,71,21,209,Home,Gold,48.38511524714901,3
60652,41,52985,93,21,328,Home,Bronze,44.083790855398334,3
81095,63,54854,53,26,248,Fashion,Bronze,22.952969166007843,2
42597,31,92842,87,5,71,Sports,Platinum,29.186165497001777,4
18707,56,80848,52,28,160,Electronics,Platinum,35.96310613947529,4
58943,61,87207,69,13,132,Home,Bronze,17.790371900590948,0
73803,21,38084,86,25,239,Home,Platinum,40.06228594882615,4
98377,33,50260,9,9,77,Fashion,Bronze,22.127391266386283,2
95176,68,57905,96,22,57,Fashion,Platinum,42.418657125971485,3
85276,27,31614,74,27,124,Home,Silver,13.10932779884024,0
13155,65,67892,46,27,10,Sports,Gold,1.0632137884751982,3
33572,54,25864,92,23,26,Sports,Bronze,31.818075600632564,4
69694,44,63114,75,10,206,Fashion,Bronze,22.86851131590972,1
76514,65,30224,71,8,221,Fashion,Bronze,3.4612442923692335,3
86033,18,62462,30,9,311,Sports,Silver,24.63681147711724,4
54843,22,15043,43,6,249,Fashion,Gold,8.844207348364986,2
94967,30,55300,59,24,314,Fashion,Platinum,31.672583552712634,4
45357,62,39476,38,18,207,Sports,Platinum,22.529756093423767,0
33167,20,42500,34,10,108,Sports,Gold,8.970675219295119,1
81478,34,71430,46,24,295,Electronics,Platinum,20.890977886998108,1
28983,36,34841,92,15,60,Fashion,Bronze,12.019086004784704,1
45276,54,75293,32,13,121,Fashion,Gold,32.82829063340928,2
55279,22,53152,16,11,238,Electronics,Silver,15.10959701526365,1
69483,64,20615,39,2,105,Fashion,Gold,41.1898588275395,3
93113,59,41870,1,8,278,Fashion,Bronze,1.2010786718298583,2
81451,61,67790,98,18,35,Home,Gold,20.469189838843594,4
12045,41,60876,57,3,37,Home,Silver,31.045482551604568,0
99716,60,59327,87,23,71,Home,Silver,1.6191100802335667,2
52344,50,58302,20,27,55,Electronics,Gold,11.184174174940706,0
19564,38,44836,82,25,166,Fashion,Gold,16.707287996708263,2
21105,20,24831,82,3,220,Electronics,Platinum,1.58130545182604,4
66754,21,48384,42,21,75,Electronics,Platinum,27.56118989010819,0
30056,68,54222,85,25,209,Fashion,Bronze,31.727985259681905,2
73565,49,57816,72,7,210,Sports,Platinum,11.762351464745127,0
57689,41,56882,34,18,227,Sports,Bronze,27.402395002754734,1
42135,69,69039,50,21,224,Fashion,Bronze,49.956781013296116,1
42812,52,78346,11,21,253,Sports,Gold,44.40250474349232,1
80047,35,66056,43,9,155,Home,Platinum,3.4037111642242475,3
32772,20,32196,10,18,362,Fashion,Silver,6.830181988608099,1
90957,56,19999,8,1,148,Electronics,Silver,24.972964406791696,1
17775,43,39026,72,4,317,Home,Gold,12.637455185803391,4
64523,41,16730,19,4,278,Electronics,Silver,4.50797724025313,0
20707,18,73175,65,17,230,Sports,Silver,13.100447390913082,0
23372,68,83960,55,26,189,Fashion,Gold,3.5283158348532266,1
71526,67,77834,52,23,224,Home,Silver,26.730665884724623,0
75106,51,53830,3,2,64,Fashion,Gold,24.767380131696456,2
98143,29,82743,53,27,107,Home,Bronze,0.8131446010294341,1
63475,34,93567,44,15,79,Home,Platinum,24.384561584374495,1
67201,38,43008,96,13,132,Home,Silver,26.23035478941905,3
37957,38,83904,48,9,173,Fashion,Gold,30.482335180074145,2
66243,20,82763,54,7,63,Home,Silver,48.519936358121974,1
83752,61,63522,16,29,209,Home,Platinum,49.14327513907402,1
85542,45,80124,30,29,296,Fashion,Silver,26.5830008782057,0
43993,42,45322,92,12,97,Electronics,Bronze,42.33674153168423,1
44016,61,27817,28,12,171,Sports,Gold,4.7157056145203065,1
35354,23,61474,16,14,88,Fashion,Platinum,26.79215381028873,1
58637,59,62130,51,23,361,Fashion,Bronze,34.105552931586104,1
94762,47,28226,33,15,225,Home,Silver,28.454076568692642,3
93502,49,46157,25,1,142,Fashion,Silver,11.920689225482159,2
14848,39,98740,18,9,195,Fashion,Silver,3.601570322078242,3
52673,55,15188,26,26,178,Sports,Platinum,19.640129586471883,0
21783,31,24414,6,16,53,Fashion,Gold,32.55830364044456,4
74694,51,21746,38,9,195,Home,Platinum,49.589797145950314,1
71865,60,29331,44,16,216,Sports,Bronze,12.208405843505338,0
63907,64,91790,67,2,332,Fashion,Gold,45.9306005307135,4
60669,43,90753,43,10,297,Home,Platinum,3.878939276500568,1
20924,57,96119,6,25,24,Sports,Silver,46.58396905923692,1
80178,30,52380,78,18,66,Fashion,Bronze,41.70215500956648,4
80732,47,49318,64,13,162,Home,Silver,1.5367949602264732,3
86691,36,30800,82,2,111,Sports,Platinum,15.260176017388899,4
87591,59,42492,80,29,328,Home,Bronze,3.0223543570874094,4
30152,58,20233,88,29,205,Sports,Gold,49.7775406407132,2
18072,67,37019,13,13,136,Fashion,Gold,21.678278226896925,1
91501,56,26447,65,24,278,Electronics,Platinum,33.277589220726554,1
54687,20,94572,38,3,164,Sports,Platinum,12.092433453708146,3
31942,48,25998,64,15,270,Fashion,Gold,46.71994381404381,3
57417,29,47801,14,3,227,Sports,Gold,14.071617382703847,2
71259,32,39871,17,23,126,Electronics,Platinum,13.380623061463776,2
15490,62,42076,77,10,269,Home,Gold,16.072704749096964,2
31719,55,16429,13,6,307,Electronics,Bronze,23.39321365020997,3
59200,57,25381,73,23,247,Electronics,Platinum,1.4173699483706959,4
48684,31,16987,6,22,339,Home,Bronze,30.09295625634018,1
28894,52,34266,6,14,35,Electronics,Silver,2.067456958466538,1
40837,33,74053,94,9,154,Fashion,Bronze,27.19052314310986,0
62812,67,92425,37,18,144,Sports,Platinum,23.165302658014543,3
77282,41,63477,57,8,259,Electronics,Silver,12.506079377752306,3
83706,34,16547,53,27,18,Sports,Gold,16.823516849955922,2
66132,35,64614,46,6,57,Sports,Bronze,35.43016065661115,0
88425,59,70859,78,15,262,Home,Bronze,0.9750772336341189,0
70161,34,69457,4,14,35,Electronics,Platinum,16.17403333227511,3
29104,33,94086,34,15,210,Home,Gold,34.17471408116093,2
25140,38,20174,66,20,331,Home,Platinum,8.037556337426228,1
18152,41,35187,63,6,147,Sports,Gold,28.239089882212113,2
58486,51,76031,61,22,101,Fashion,Platinum,8.862179959894277,1
95277,69,18938,81,12,75,Sports,Gold,8.16071290442148,3
48147,53,75833,42,10,67,Home,Silver,38.72786473832596,2
97890,60,16471,78,19,65,Electronics,Platinum,13.693004988406315,0
18666,44,72155,64,8,302,Fashion,Silver,19.100571388150108,4
44726,56,31721,17,5,221,Fashion,Platinum,36.63589424843601,0
58689,34,87587,61,27,150,Electronics,Platinum,9.38622022687733,1
56116,42,79305,30,10,273,Electronics,Platinum,26.820982555976453,3
81420,68,22444,43,11,277,Fashion,Bronze,45.93207335635082,2
87848,55,82928,93,20,67,Home,Platinum,27.91442755923519,3
95534,59,30729,7,14,234,Fashion,Gold,2.9178654478597568,3
13820,38,48744,73,14,202,Fashion,Bronze,29.690015096516976,1
14322,21,69130,46,29,232,Fashion,Gold,4.962593275962693,3
48235,42,51836,23,2,162,Home,Gold,14.465164751447512,2
69961,47,90431,36,26,97,Electronics,Gold,42.558917714503814,0
60356,50,32255,14,17,8,Electronics,Gold,1.0479218393965875,3
34923,56,83945,20,15,248,Electronics,Gold,4.312158778898771,2
98478,43,27744,56,29,226,Home,Silver,18.48652436967836,2
43750,42,82085,81,23,240,Home,Bronze,49.9700960550178,1
98448,33,95621,32,26,74,Electronics,Gold,14.947263350556238,3
31983,66,59467,25,27,16,Sports,Silver,8.285093627433545,1
97610,41,35845,94,3,50,Sports,Silver,27.696395575988323,0
15905,22,95272,49,3,227,Electronics,Gold,26.203123567734966,0
65483,59,50389,57,3,193,Sports,Platinum,22.756169627227457,2
35028,56,17529,27,26,279,Sports,Gold,47.35936072612596,3
79609,30,58117,27,28,237,Electronics,Silver,14.367393862050678,2
62046,47,71314,46,29,270,Electronics,Gold,15.019549348467327,3
12234,24,41932,95,3,156,Home,Silver,7.4427200836606655,1
90809,64,23351,45,18,253,Sports,Gold,35.01575688685068,0
83167,34,91536,26,6,307,Sports,Silver,16.407788818486644,0
65011,44,57959,14,14,309,Electronics,Gold,40.2356445057598,1
22061,52,37949,48,26,313,Fashion,Platinum,48.60201492995955,4
59253,22,42569,85,3,300,Electronics,Platinum,2.662419478534303,4
99354,59,71108,92,1,117,Home,Silver,49.659533557877175,4
54667,22,34318,15,10,332,Fashion,Platinum,13.078159204675678,3
99240,41,33695,94,13,49,Fashion,Platinum,21.29546268409911,1
68796,24,95704,89,29,277,Fashion,Bronze,38.998296047388266,3
74065,24,52096,51,9,51,Home,Gold,33.43389153589656,3
86386,31,18747,54,22,180,Sports,Gold,39.03262758132623,1
40638,32,79400,11,22,30,Electronics,Platinum,23.583434778083507,3
92455,22,19430,75,26,326,Home,Platinum,45.84532038935674,1
33884,54,99371,28,25,245,Home,Silver,39.602069867552956,4
40697,21,43927,55,2,89,Fashion,Gold,15.806784783966966,4
93620,47,75411,69,10,30,Fashion,Bronze,47.449770956763615,3
17114,37,23963,92,25,101,Home,Bronze,48.07218257460454,0
40550,43,98031,72,12,229,Sports,Platinum,21.045151009958836,1
17469,26,59271,26,19,96,Fashion,Silver,32.772044155385736,2
57771,47,93134,70,3,66,Home,Silver,40.83104249308822,2
16492,61,24786,32,19,191,Fashion,Gold,40.956385485136636,3
11971,65,91457,48,1,210,Electronics,Platinum,1.1991154621924904,0
56350,39,57241,96,26,136,Electronics,Platinum,31.636174835803804,1
19644,57,62232,12,15,338,Electronics,Silver,48.698115223805004,4
74194,58,26020,70,23,183,Fashion,Bronze,11.951683815910473,3
92632,61,50141,77,26,55,Fashion,Bronze,39.88263852925846,1
22534,47,44461,61,13,249,Sports,Gold,26.94525724331063,1
22768,37,29352,34,7,281,Electronics,Platinum,11.462775451376121,1
32625,45,70994,87,2,59,Sports,Platinum,3.026379717157803,0
38660,24,30344,81,22,127,Home,Bronze,38.11612469534188,1
99680,21,69250,45,20,204,Home,Platinum,16.16528230147894,0
85176,45,93661,60,11,213,Electronics,Platinum,19.091508389222682,0
30032,52,34202,65,23,126,Sports,Silver,24.518937135826047,1
74935,50,57232,71,16,71,Fashion,Gold,25.606147697079756,4
47892,24,81245,13,14,215,Sports,Gold,10.706186060035348,1
84186,26,21992,78,23,89,Home,Gold,33.69677851432931,4
78379,51,41354,81,15,313,Sports,Silver,34.780729007815744,3
34357,56,93769,94,20,232,Home,Gold,7.543895762712552,2
92512,59,19590,48,19,232,Home,Gold,26.879022225672774,3
10497,51,28718,49,7,62,Sports,Bronze,30.65833773725101,0
12134,30,28105,98,9,246,Fashion,Bronze,9.719451398314472,3
28833,46,20081,91,4,134,Home,Gold,44.77587526320108,2
80948,52,74967,58,6,1,Sports,Silver,24.399880128176775,2
42666,62,35384,89,23,160,Home,Silver,6.193903704467849,4
66600,27,85081,99,10,139,Electronics,Silver,17.05261079224914,3
79828,47,20339,73,3,303,Fashion,Platinum,24.109542189595366,0
10026,61,30353,70,21,308,Electronics,Platinum,1.0021355774948446,0
22108,43,74487,61,28,201,Home,Silver,2.0795388470249656,4
24470,52,41376,26,1,124,Fashion,Bronze,3.2482694678755872,4
39785,45,99636,39,6,346,Sports,Platinum,27.137693682021947,3
12253,46,19302,58,5,81,Sports,Silver,17.136365713757296,4
74538,69,16809,27,23,323,Fashion,Platinum,44.70865037877198,2
74889,23,20830,40,15,163,Electronics,Platinum,28.182076680280268,0
30026,20,33381,31,25,349,Electronics,Platinum,38.1148682766351,2
62807,46,63637,3,11,239,Fashion,Platinum,34.51309224937608,1
72878,19,82666,88,20,212,Sports,Silver,26.255875998267413,2
54258,39,19412,15,25,148,Fashion,Platinum,37.363661768373674,0
56147,63,91420,54,13,71,Electronics,Gold,27.46293229195258,1
55417,64,75520,70,6,102,Home,Silver,19.580087106927298,3
11086,67,70665,11,5,182,Sports,Silver,22.072339209128593,1
34406,44,61775,30,2,183,Fashion,Silver,42.00581630742213,4
96987,68,62733,35,17,12,Home,Platinum,28.38204112711557,0
85443,39,37707,43,24,231,Electronics,Silver,19.176159334034622,4
82659,27,45478,61,12,149,Sports,Bronze,9.39728600351928,2
17084,69,21745,40,12,262,Fashion,Gold,25.020213188984414,3
95383,66,52970,93,22,23,Electronics,Bronze,12.9940034218575,0
63493,66,26882,87,14,188,Fashion,Gold,47.801203967354326,3
32805,36,92300,42,7,132,Fashion,Gold,24.803613190228866,0
71786,41,84979,42,22,49,Sports,Platinum,0.9429395575182273,4
24248,44,28583,3,26,182,Electronics,Gold,5.0974208799764735,2
80003,53,56290,90,29,25,Electronics,Gold,14.574062339671855,1
35384,60,68857,78,14,137,Home,Bronze,5.062060664066395,3
12896,34,90672,83,7,10,Electronics,Gold,44.75113016202238,0
20362,27,35342,85,9,295,Electronics,Silver,42.790402556626276,0
95048,34,68816,21,14,101,Sports,Silver,48.55764468939946,3
96175,61,90412,73,21,10,Home,Gold,35.470047910018586,1
66032,27,73314,77,17,111,Sports,Silver,32.45049503749479,2
71022,27,15746,53,17,93,Electronics,Platinum,46.21308357584094,0
93254,55,39330,44,25,259,Home,Silver,47.34646066791305,0
98998,34,94588,46,21,257,Sports,Platinum,43.93564822273832,3
93208,43,57344,37,13,166,Home,Gold,43.142905769081224,3
18937,43,43606,38,29,208,Electronics,Platinum,33.749311144464535,0
57391,68,69473,88,27,44,Home,Platinum,0.5794943883624176,0
97567,51,24210,38,29,329,Home,Gold,21.761093991317807,0
48696,21,95615,11,18,204,Home,Gold,31.965307173377703,4
63954,67,42154,93,19,358,Electronics,Platinum,27.582805332007936,0
92617,44,43687,45,17,41,Electronics,Bronze,41.145768179598186,2
21226,38,87684,64,6,284,Home,Gold,41.035662687449424,2
26858,53,93391,44,12,99,Sports,Gold,30.13475946834948,1
66848,55,30473,81,6,355,Sports,Bronze,1.5887056363236518,3
49300,63,66176,62,3,271,Electronics,Silver,18.78183264056853,1
51470,48,79579,90,15,5,Fashion,Bronze,11.826420974501959,0
35113,24,45285,61,3,41,Sports,Silver,17.270011383384915,3
62096,61,57502,90,23,355,Home,Bronze,31.055986398545063,0
32016,51,29219,12,15,252,Fashion,Platinum,3.7898641827950144,3
80920,35,66863,82,1,75,Electronics,Gold,1.600981427924091,4
27750,41,59006,9,21,41,Sports,Bronze,22.12520934102507,4
27445,30,71170,67,29,350,Fashion,Gold,39.78190469625842,4
45075,30,73798,74,3,267,Electronics,Silver,2.0195794426283165,1
26691,42,54965,2,5,216,Electronics,Platinum,42.52790496210665,3
84724,22,49470,8,27,63,Home,Gold,19.502041821125392,1
35860,56,79147,43,14,178,Sports,Bronze,6.3526537327998644,3
40171,46,54984,18,4,28,Fashion,Bronze,28.591137575506053,0
39421,61,60380,52,22,274,Home,Platinum,47.64184779050826,4
52089,63,86860,39,28,215,Sports,Silver,27.354388502421344,4
41990,50,88849,31,9,352,Fashion,Platinum,34.488420411405585,3
75839,41,62227,14,18,300,Electronics,Platinum,40.91285370110548,1
16486,27,39603,64,10,53,Electronics,Gold,40.06733605124728,1
81102,42,33508,97,8,79,Sports,Silver,4.119377061430114,2
97077,58,97351,93,13,193,Home,Platinum,37.17927295493078,4
79427,27,19974,44,2,199,Fashion,Gold,47.4977535107073,4
19046,56,35161,60,20,12,Fashion,Gold,35.182285582038574,1
39741,33,44730,97,25,221,Electronics,Silver,41.90392323866815,4
69089,45,93259,99,20,192,Sports,Silver,24.534710200050426,1
15724,29,96009,2,7,326,Home,Gold,16.293931655457136,2
58347,61,16085,99,11,239,Electronics,Silver,33.97384154299826,3
32664,49,33869,32,5,269,Electronics,Gold,24.86389891691105,3
80886,68,30771,36,29,297,Home,Silver,44.816798387563054,2
89561,46,56060,55,18,98,Fashion,Silver,48.73190744539604,4
19164,62,90882,87,8,219,Fashion,Silver,41.080202341695525,0
84906,67,36462,63,27,331,Sports,Bronze,49.63764106552948,4
42872,44,34432,69,26,103,Electronics,Silver,17.744344620518007,1
99491,43,28174,80,10,64,Sports,Bronze,44.83989124834694,0
69879,20,97719,40,2,144,Fashion,Gold,16.831714625470287,2
57037,43,44697,24,3,37,Home,Platinum,6.342884727644702,3
32985,56,67974,58,26,27,Fashion,Platinum,31.25799791791671,3
98591,18,20611,28,23,288,Fashion,Platinum,23.021937398443818,4
67868,52,37393,62,5,236,Electronics,Gold,46.12411205481558,3
87925,44,20263,25,16,125,Fashion,Silver,24.863597435111746,4
29347,63,36954,7,10,325,Sports,Bronze,46.417812676058006,1
51623,21,26996,38,11,84,Home,Gold,4.392376426157577,1
26360,36,25805,71,19,236,Electronics,Platinum,41.61033586944357,2
24214,39,89643,86,16,245,Home,Platinum,38.07615628898693,1
37222,23,91003,86,12,265,Sports,Platinum,36.13892453718784,4
82279,69,36024,91,2,248,Sports,Platinum,18.079224825905094,3
44303,26,56607,97,11,291,Fashion,Bronze,39.296101981879936,1
24698,28,99215,45,22,204,Sports,Platinum,24.42318067261646,1
39602,39,92806,32,26,227,Fashion,Bronze,35.90257378879602,4
24947,64,98351,32,1,239,Electronics,Platinum,27.835243765865933,1
62338,26,94423,1,24,72,Home,Gold,8.293265374403848,3
45537,46,27324,74,5,158,Fashion,Bronze,3.6956502135784604,3
32469,60,15723,45,21,211,Fashion,Bronze,18.626239234568487,3
16486,27,73323,64,14,135,Electronics,Gold,46.6730467358195,3
82777,51,88811,68,18,282,Sports,Platinum,26.72188353066688,0
29371,48,28405,93,7,163,Fashion,Platinum,40.20850734703511,3
42524,39,16365,7,5,136,Sports,Silver,29.009676997117154,0
75101,63,72893,38,8,170,Fashion,Silver,47.916311670535165,3
32474,21,61427,70,21,151,Sports,Bronze,18.78805032665274,3
88203,19,42338,53,15,164,Fashion,Silver,3.32399754120966,4
89337,22,84389,75,25,296,Home,Gold,39.143084973626436,3
57141,63,19682,73,5,103,Home,Gold,35.42009716238903,1
14405,32,86496,30,13,221,Home,Gold,26.612951920798135,3
12153,36,39727,22,19,281,Fashion,Bronze,16.656366537920576,2
35131,55,39073,58,29,128,Sports,Gold,9.819124810627242,4
29680,32,34882,73,2,219,Electronics,Bronze,24.372664186727558,4
95233,63,63232,55,5,172,Electronics,Bronze,33.4769697598791,3
63644,25,74556,46,26,347,Electronics,Gold,29.154878253824545,2
38283,37,67137,97,29,95,Home,Gold,22.155780263394597,3
70357,29,60054,26,26,51,Home,Bronze,27.21487499429515,1
97899,21,82103,64,5,93,Home,Gold,5.843769050572624,4
29646,55,39787,80,6,63,Sports,Silver,34.944085141066104,4
49804,60,77181,9,16,20,Home,Bronze,36.84567416789871,2
26036,56,41755,87,2,105,Sports,Platinum,1.0669039028059841,0
16726,53,51959,15,5,335,Sports,Bronze,13.890718015113013,2
51160,32,90254,19,15,199,Sports,Gold,5.059784578577015,1
28274,18,52903,16,1,331,Fashion,Gold,49.91249052778759,2
97091,48,74046,25,19,351,Electronics,Bronze,29.87047027088059,0
20168,26,54519,99,3,280,Sports,Bronze,23.55403566421484,1
25103,40,26672,51,19,281,Electronics,Platinum,23.418550439562335,1
40567,69,22174,77,15,99,Sports,Platinum,48.25630900182413,0
88743,43,33103,46,3,336,Sports,Bronze,33.162854088402646,3
33691,57,23061,7,8,26,Home,Gold,8.848648133230943,2
79092,61,28265,34,15,244,Electronics,Bronze,22.683861985795435,1
50072,56,54040,58,1,62,Sports,Silver,38.82274362682201,2
64118,35,32993,78,6,341,Electronics,Silver,21.455828309510256,0
43133,50,73219,23,22,37,Home,Gold,15.821904581399501,4
25893,58,87250,23,17,301,Sports,Bronze,49.56519579072264,0
91402,56,52877,17,16,126,Home,Bronze,46.81403816330534,2
10656,31,99368,13,13,70,Sports,Silver,47.10723828153595,1
51120,18,93285,27,1,133,Home,Bronze,7.017790218800515,2
90632,30,96424,66,3,252,Home,Gold,12.095635212053521,4
67518,69,31020,30,24,12,Fashion,Gold,22.382314429209128,1
90983,32,49821,4,6,173,Sports,Platinum,41.69039828251163,4
29854,54,88299,94,20,89,Sports,Gold,36.972963241267344,3
63212,22,61000,67,21,288,Sports,Bronze,42.55853606004524,0
97519,31,47851,14,26,206,Electronics,Bronze,46.077782912289855,3
59696,31,31025,11,3,61,Fashion,Silver,39.14795873100075,2
87582,63,30431,40,15,318,Electronics,Silver,13.457615502176424,3
76492,22,99588,87,15,311,Sports,Gold,14.629561278164879,0
67795,28,58179,96,11,38,Fashion,Platinum,17.94814024034337,1
34560,49,56658,3,27,59,Home,Bronze,15.50223065826407,4
99711,68,45992,1,22,104,Fashion,Platinum,12.830398010304098,1
96831,22,60585,9,6,238,Home,Bronze,37.748059963849244,3
90391,53,80191,73,6,126,Sports,Gold,2.182557019568871,2
61317,32,71401,76,9,82,Sports,Gold,36.555490035705716,3
93539,24,57058,1,14,219,Home,Silver,41.266406689990916,0
88572,22,87108,16,26,104,Fashion,Platinum,3.769180145568483,0
89380,47,71779,94,29,73,Electronics,Silver,3.5614318064493107,2
10645,32,50662,72,11,134,Fashion,Gold,14.6304582432184,1
43146,47,51185,46,24,61,Home,Platinum,10.811187372282427,0
49877,31,97168,10,6,0,Home,Bronze,29.26611684766457,0
62736,41,22810,33,18,78,Electronics,Silver,33.93485140333086,2
54693,41,93210,41,20,64,Electronics,Gold,31.890028807164075,1
93060,52,66042,51,15,182,Electronics,Bronze,18.188694827980026,3
30119,22,88416,22,22,65,Home,Gold,25.17069281337499,4
57679,29,93186,16,9,322,Sports,Bronze,32.17954606045389,2
92581,37,49883,83,11,355,Fashion,Silver,6.41160030591533,1
23163,63,54349,75,2,207,Electronics,Bronze,11.860839765467757,4
97129,22,67215,62,6,53,Home,Platinum,44.57955962231605,2
40802,53,53419,53,26,220,Fashion,Bronze,17.445155639181156,3
62175,38,82342,75,27,235,Electronics,Gold,40.15724090502541,3
20111,65,79806,14,26,99,Sports,Bronze,12.92399274068863,1
69936,56,39871,59,26,102,Fashion,Silver,2.561197401033082,1
75526,20,66846,26,23,181,Fashion,Gold,25.269829327433776,3
31119,46,63991,44,14,107,Home,Gold,44.67786115634308,3
71896,42,62136,20,14,11,Home,Gold,41.05458518253582,2
45539,44,86029,84,24,342,Home,Gold,13.020488861762248,1
99183,53,47548,5,13,85,Sports,Platinum,45.54182083400518,4
65387,69,19650,65,25,287,Fashion,Gold,24.245936798357008,3
52823,39,72278,11,5,326,Electronics,Gold,2.925450687539168,4
79555,55,59835,47,9,213,Sports,Gold,1.8822686785037108,1
96190,52,31225,10,25,43,Electronics,Silver,24.513129833164587,1
57418,18,60360,61,29,321,Electronics,Silver,27.542981357833902,0
58695,20,81328,92,11,77,Home,Gold,4.455689568838223,3
71936,41,68343,45,7,54,Electronics,Platinum,46.15091235939636,1
26418,25,79008,47,2,271,Electronics,Bronze,36.05173301029574,1
36742,65,72573,34,24,343,Sports,Platinum,40.16347674509372,3
89218,56,66932,13,12,70,Home,Gold,29.409150935209404,0
58028,35,35881,89,5,67,Electronics,Gold,33.34543176964847,0
87700,58,48557,23,29,179,Electronics,Platinum,19.699081376442457,0
17618,20,84730,36,27,173,Electronics,Gold,34.125205704732615,0
78916,35,93094,63,24,168,Fashion,Bronze,48.920053124511334,2
64628,33,76324,76,2,260,Fashion,Silver,32.56193757524296,3
99463,49,35841,47,14,124,Home,Bronze,17.410869282221903,3
90699,18,28475,66,7,130,Sports,Bronze,14.619336557932158,3
95096,43,21671,84,5,233,Home,Bronze,48.185624071929624,0
24725,69,75584,80,4,153,Fashion,Platinum,9.657613706849219,0
51135,65,46764,14,10,329,Home,Platinum,40.40673227764618,1
80223,29,68787,53,29,124,Sports,Bronze,23.53048345443356,2
55969,55,20961,66,16,353,Home,Platinum,22.46610784046363,3
77122,38,70890,49,6,99,Electronics,Gold,37.503120504953024,2
18056,58,78884,16,21,52,Sports,Silver,7.827902287274199,3
80958,30,20155,68,6,331,Sports,Platinum,23.581648344173562,0
95578,29,80768,43,9,127,Sports,Platinum,2.2737675445035412,0
70346,30,75851,77,1,13,Home,Bronze,33.68513766481773,3
10952,35,24221,65,29,4,Home,Silver,3.3896755557064853,4
22521,36,59566,9,16,249,Electronics,Gold,4.820795484857405,0
20906,36,17711,21,27,26,Sports,Gold,42.318905870845555,1
78514,68,27531,82,17,124,Electronics,Silver,22.426281757288432,0
52769,23,25480,96,13,28,Sports,Gold,10.448296583138006,1
41275,65,55708,98,6,2,Fashion,Silver,29.832936509791303,2
53766,24,27191,84,2,227,Home,Bronze,26.204521596934306,0
